No,Nama_Wilayah,Provinsi,Latitude,Longitude
1,Kabupaten Bandung,Jawa Barat,-7.0242,107.5197
2,Kabupaten Bandung Barat,Jawa Barat,-6.8389,107.4917
3,Kabupaten Bekasi,Jawa Barat,-6.2383,107.1266
4,Kabupaten Bogor,Jawa Barat,-6.4819,106.8322
5,Kabupaten Ciamis,Jawa Barat,-7.3333,108.35
6,Kabupaten Cianjur,Jawa Barat,-6.8173,107.1395
7,Kabupaten Cirebon,Jawa Barat,-6.7063,108.557
8,Kabupaten Garut,Jawa Barat,-7.2279,107.9087
9,Kabupaten Indramayu,Jawa Barat,-6.3274,108.3247
10,Kabupaten Karawang,Jawa Barat,-6.3015,107.3012
11,Kabupaten Kuningan,Jawa Barat,-6.9827,108.4831
12,Kabupaten Majalengka,Jawa Barat,-6.8368,108.2275
13,Kabupaten Pangandaran,Jawa Barat,-7.6843,108.6506
14,Kabupaten Purwakarta,Jawa Barat,-6.5569,107.4433
15,Kabupaten Subang,Jawa Barat,-6.5714,107.7587
16,Kabupaten Sukabumi,Jawa Barat,-6.9218,106.9287
17,Kabupaten Sumedang,Jawa Barat,-6.8586,107.9237
18,Kabupaten Tasikmalaya,Jawa Barat,-7.3274,108.2207
19,Kota Bandung,Jawa Barat,-6.9175,107.6191
20,Kota Banjar,Jawa Barat,-7.3707,108.5342
21,Kota Bekasi,Jawa Barat,-6.2383,106.9756
22,Kota Bogor,Jawa Barat,-6.595,106.8167
23,Kota Cimahi,Jawa Barat,-6.8722,107.5425
24,Kota Cirebon,Jawa Barat,-6.732,108.5523
25,Kota Depok,Jawa Barat,-6.4025,106.7942
26,Kota Sukabumi,Jawa Barat,-6.9277,106.929
27,Kota Tasikmalaya,Jawa Barat,-7.3274,108.2207
